{"cameraMode":{"drawMode":0,"name":"Shaded","section":"Shading Mode"},"sceneLighting":true,"audioPlay":false,"sceneViewState":{"m_AlwaysRefresh":false,"showFog":true,"showSkybox":true,"showFlares":true,"showImageEffects":true,"showParticleSystems":true,"showVisualEffectGraphs":true,"m_FxEnabled":true},"in2DMode":false,"pivot":{"x":-0.3130224347114563,"y":6.693416595458984,"z":-73.35153198242188},"rotation":{"x":-0.5220910906791687,"y":0.004347207490354776,"z":-0.002661278238520026,"w":-0.8528723120689392},"size":1.2869962453842164,"orthographic":false}